absinthe green	#8A9A5B
acajou red	#905D5D
acetin blue  	#367588
ackermann's green	#3B7861
aconite violet	#86608E
ageratum violet	#86608E
alice blue	#91A3B0
alizarine blue	#436B95
alizarine pink	#EA9399
amaranth pink	#DE6FA1
amaranth purple	#78184A
amber brown	#80461B
amber yellow 	#FADA5E
american green	#679267
amethyst violet	#9A4EAE
amparo blue	#6C79B8
amparo purple	#D399E6
andover green	#8F9779
aniline black	#50404D
aniline lilac	#8C82B6
aniline yellow	#AF8D13
anthracene green	#317873
anthracene purple	#50404D
anthracene violet	#604E81
antimony yellow	#E3A857
antique brown	#80461B
antique green	#5E716A
antwerp blue	#436B95
apple green	#7E9F2E
apricot buff	#D99058
apricot orange	#D99058
apricot yellow	#D4AF37
argus brown	#6F4E37
argyle purple	#915C83
army brown	#6F4E37
artemesia green	#7D8984
asphodel green	#8A9A5B
aster purple	#78184A
auburn	#79443B
auricula purple	#673147
avellaneous	#C19A6B
azurite blue	#4E5180
barium yellow	#EAE679
baryta yellow	#F8DE7E
bay	#79443B
begonia rose	#E66761
benzo brown	#977F73
benzol green	#007A74
berlin blue	#00304E
beryl blue	#9CD1DC
beryl green	#00A693
bice green	#8A9A5B
biscay green	#8A9A5B
bishop's purple	#915C83
bister	#7E6D5A
bittersweet orange	#CB6D51
bittersweet pink	#D99058
black	#222222
blackish green-blue	#004958
blackish green-gray	#222222
blackish mouse-gray	#5B504F
blackish plumbeous	#51585E
blackish purple	#5D3954
blackish red-purple	#673147
blackish slate	#555555
blackish violet	#604E81
blackish violet-gray	#5D555B
blanc's blue	#436B95
blanc's violet	#554C69
blue-violet	#30267A
blue-violet black	#5D555B
bluish black	#36454F
bluish glaucous	#C7E6D7
bluish gray-green	#8DA399
bluish lavender	#8C82B6
bluish slate-black	#00304E
bluish violet	#30267A
bone brown	#635147
bordeaux	#673147
bottle green	#1B4D3E
bradley's blue	#00A1C2
bradley's violet	#7E73B8
brazil red	#9E4732
bremen blue	#66AABC
brick red	#79443B
bright chalcedony yellow	#BDDA57
bright green-yellow	#8DB600
brownish drab	#977F73
brownish olive	#6C541E
brownish vinaceous	#AD8884
brussels brown	#6F4E37
buckthorn brown	#996515
buff-pink or buff pink	#D9A6A9
buffy brown 	#C19A6B
buffy citrine	#967117
buff-yellow or buff yellow	#F8DE7E
buffy olive	#867E36
burn blue	#A1CAF1
burnt lake	#5D3954
burnt sienna	#882D17
burnt umber	#674C47
cacao brown	#A87C6D
cadet blue	#0067A5
cadet gray	#91A3B0
cadmium orange	#F38400
cadmium yellow	#ED872D
calamine blue	#9CD1DC
calla green	#665D1E
calliste green	#7E9F2E
cameo brown	#79443B
cameo pink	#FFC8D6
capri blue  	#367588
capucine buff  	#FBC97F
capucine orange 	#D99058
capucine yellow  	#EAA221
carmine	#BE0032
carnelian red	#D9603B
carob brown	#3E1D1E
carrot red	#CB6D51
cartridge buff	#F3E5AB
castor gray	#7D8984
cedar green	#8A9A5B
celandine green	#8DA399
cendre blue	#239EBA
cendre green	#83D37D
cerulean blue	#0067A5
chaetura black	#483C32
chaetura drab	#5B504F
chalcedony yellow	#EAE679
chamois	#C9AE5D
chapman's blue	#436B95
chartreuse yellow	#EAE679
chatenay pink	#DEA5A4
chessylite blue	#367588
chestnut	#79443B
chestnut-brown	#79443B
chicory blue	#8791BF
china blue	#436B95
chinese violet	#86608E
chocolate	#674C47
chromium green	#8A9A5B
chrysolite green	#8A9A5B
chrysopraise green	#93C592
cinereous	#B4BCC0
cinnamon	#A67B5B
cinnamon-brown	#6F4E37
cinnamon-buff	#E3A857
cinnamon-drab	#977F73
cinnamon-rufous	#AE6938
citrine	#867E36
citrine-drab	#867E36
citron green	#B9B459
citron yellow	#E9E450
civette green	#679267
claret brown	#79443B
clay color	#996515
clear cadet blue	#4997D0
clear dull green-yellow	#BDDA57
clear fluorite green	#93C592
clear green-blue gray	#91A3B0
clear payne's gray  	#536878
clear windsor blue	#8791BF
clear yellow-green	#BDDA57
clove brown	#483C32
cobalt green	#6AAB8E
colonial buff	#F8DE7E
columbia blue	#70A3CC
commelina blue	#30267A
congo pink	#F88379
coral pink	#F88379
coral red	#CB6D51
corinthian pink	#DEA5A4
corinthian purple	#673147
corinthian red	#905D5D
cornflower blue	#30267A
corydalis green	#C9DC89
cossack green	#4A5D23
cosse green	#7E9F2E
cotinga purple	#602F6B
courge green	#8A9A5B
court gray	#C7E6D7
court grey  	#C7E6D7
cream buff	#F8DE7E
cream color	#F8DE7E
cress green	#8A9A5B
cyanine blue	#4E5180
dahlia carmine	#673147
dahlia purple	#673147
daphne pink	#DE6FA1
daphne red	#A8516E
dark american green	#355E3B
dark aniline blue	#36454F
dark anthracene violet	#563C5C
dark bluish glaucous	#6AAB8E
dark bluish gray-green	#5E716A
dark bluish violet	#604E81
dark cadet blue	#436B95
dark chessylite blue	#004958
dark cinnabar green	#317873
dark citrine	#665D1E
dark corinthian purple	#673147
dark cress green	#4A5D23
dark delft blue	#00304E
dark diva blue	#545AA7
dark dull bluish violet	#604E81
dark dull bluish violet	#554C69
dark dull bluish violet	#563C5C
dark dull violet-blue	#4C516D
dark dull violet-blue	#554C69
dark dull yellow-green	#4A5D23
dark glaucous-gray	#5E716A
dark grayish blue-green	#4E5755
dark grayish blue-violet	#554C69
dark grayish brown	#905D5D
dark grayish lavender	#9690AB
dark grayish olive	#57554C
dark green	#355E3B
dark green-blue gray	#536878
dark green-blue slate	#00304E
dark greenish glaucous	#93C592
dark greenish olive	#665D1E
dark gull gray	#555555
dark heliotrope gray	#796878
dark heliotrope slate	#50404D
dark hyssop violet	#563C5C
dark indian red	#905D5D
dark ivy green	#515744
dark lavender	#B695C0
dark livid brown	#905D5D
dark livid purple	#50404D
dark madder blue	#536878
dark madder violet	#563C5C
dark maroon purple	#5D3954
dark medici blue	#51585E
dark mineral red 	#905D5D
dark mouse gray 	#5B504F
dark naphthalene violet 	#50404D
dark neutral gray	#555555
dark nigrosin violet	#563C5C
dark olive	#5B5842
dark olive-buff	#A18F60
dark olive-gray	#5B5842
dark orient blue	#536878
dark payne's gray	#36454F
dark perilla purple	#673147
dark plumbago blue	#9690AB
dark plumbago gray	#796878
dark plumbago slate	#5D555B
dark plumbeous	#51585E
dark porcelain green	#5E716A
dark purple-drab	#796878
dark purplish gray	#5D555B
dark quaker drab	#5D555B
dark russian green	#5E716A
dark slate-purple	#5D3954
dark slate-violet   	#5D555B
dark slate-violet   	#796878
dark soft blue-violet	#4E5180
dark soft bluish violet	#604E81
dark sulphate green	#317873
dark terre verte	#5E716A
dark tyrian blue	#536878
dark varley's gray	#5D555B
dark vinaceous	#905D5D
dark vinaceous-brown	#905D5D
dark vinaceous-drab	#905D5D
dark vinaceous-gray	#796878
dark vinaceous-purple	#673147
dark violet	#604E81
dark violet-gray	#5D555B
dark violet-slate	#536878
dark viridian green	#3B7861
dark yellowish green	#355E3B
dark yvette violet	#50404D
dark zinc green	#3B7861
dauphin's violet	#604E81
dawn gray	#B4BCC0
deep aniline lilac	#4997D0
deep blue-violet	#30267A
deep bluish glaucous	#96DED1
deep bluish gray-green	#5E716A
deep brownish drab	#635147
deep brownish vinaceous	#905D5D
deep cadet blue	#436B95
deep chicory blue	#7E73B8
deep chrome	#EAA221
deep chrysolite green	#8A9A5B
deep colonial buff	#C9AE5D
deep corinthian red	#905D5D
deep delft blue	#536878
deep dull bluish violet	#604E97
deep dull bluish violet	#8C92AC
deep dull bluish violet	#604E81
deep dull lavender	#AA98A9
deep dull violaceous blue	#4E5180
deep dull violet-blue	#604E81
deep dutch blue	#536878
deep glaucous-gray	#81878B
deep glaucous-green	#6AAB8E
deep grape green	#8A9A5B
deep grayish blue-green	#5E716A
deep grayish lavender  	#9690AB
deep grayish olive	#57554C
deep green-blue gray	#536878
deep greenish glaucous	#8ED1B2
deep gull gray	#848482
deep heliotrope gray 	#796878
deep hyssop violet	#86608E
deep lavender	#8C82B6
deep lavender-blue	#6C79B8
deep lichen green	#93C592
deep livid brown	#905D5D
deep livid purple	#673147
deep madder blue	#4C516D
deep malachite green	#679267
deep medici blue	#81878B
deep mouse gray 	#5B504F
deep neutral gray	#555555
deep olive	#665D1E
deep olive-buff	#C2B280
deep olive-gray	#8A8776
deep orient blue	#536878
deep payne's gray	#536878
deep plumbago blue	#AA98A9
deep plumbago gray	#8B8589
deep plumbeous	#536878
deep purplish gray	#5D555B
deep purplish vinaceous	#915F6D
deep quaker drab	#5D555B
deep rose pink	#E68FAC
deep sea-foam green  	#C9DC89
deep slate-blue	#536878
deep slate-green	#4E5755
deep slate-olive	#4E5755
deep slate-violet	#796878
deep slaty brown	#50404D
deep soft blue-violet	#4E5180
deep soft bluish violet	#604E97
deep turtle green	#44944A
deep varley's gray	#796878
deep vinaceous	#C08081
deep vinaceous-gray	#796878
deep vinaceous-lavender	#AA8A9E
deep violet-gray	#8B8589
deep violet-plumbeous  	#4C516D
deep wedgewood blue	#6C79B8
delft blue	#536878
diamin-azo blue	#554C69
diamine brown	#674C47
diamine green	#3B7861
diva blue	#6C79B8
drab	#C19A6B
drab-gray	#AE9B82
dragons-blood red	#9E4732
dresden brown	#826644
duck green	#3A4B47
dull blackish green	#3A4B47
dull blue-green black	#36454F
dull blue-violet	#545AA7
dull blue-violet	#604E81
dull bluish violet	#7E73B8
dull bluish violet	#8C82B6
dull bluish violet	#604E97
dull citrine	#867E36
dull dark purple	#9E4F88
dull dusky purple	#50404D
dull greenish black  	#4E5755
dull greenish black  	#4E5755
dull green-yellow	#7E9F2E
dull indian purple	#915F6D
dull lavender	#C3A6B1
dull magenta purple	#9E4F88
dull opaline green	#C7E6D7
dull purplish black	#5D555B
dull violaceous blue	#545AA7
dull violet-black   	#5D555B
dull violet-black   	#36454F
dull violet-black   	#50404D
dull violet-blue	#545AA7
dull violet-blue	#604E81
dusky auricula purple	#5D3954
dusky blue	#4C516D
dusky blue-green	#3A4B47
dusky blue-violet	#554C69
dusky blue-violet	#2F2140
dusky bluish green	#4E5755
dusky brown  	#50404D
dusky drab	#5B504F
dusky dull bluish green	#3A4B47
dusky dull green	#3A4B47
dusky dull violet   	#563C5C
dusky dull violet   	#86608E
dusky dull violet-blue  	#554C69
dusky green	#5E716A
dusky green-blue  	#004B49
dusky green-blue  	#536878
dusky green-gray	#555555
dusky greenish blue	#00416A
dusky neutral gray	#555555
dusky olive-green	#515744
dusky orient blue	#536878
dusky purplish gray	#50404D
dusky slate-blue	#36454F
dusky slate-violet	#50404D
dusky violet	#50404D
dusky violet-blue   	#4C516D
dusky violet-blue   	#36454F
dusky yellowish green	#515744
dutch blue	#91A3B0
ecru-drab	#C2AC99
ecru-olive	#AB9144
elm green	#4A5D23
emerald green	#83D37D
empire green	#5E716A
empire yellow	#FADA5E
endive blue	#8791BF
english red	#9E4732
eosine pink	#E4717A
ethyl green	#007A74
eton blue	#436B95
etruscan red	#905D5D
eugenia red	#AB4E52
eupatorium purple	#B784A7
fawn color	#977F73
ferruginous	#CB6D51
flame scarlet  	#E25822
flax-flower blue  	#6C79B8
flesh color	#DEA5A4
flesh-ochre  	#D99058
flesh pink	#F4C2C2
fluorite green	#679267
fluorite violet	#563C5C
forest green	#8A9A5B
forget-me-not blue	#6C79B8
french gray	#91A3B0
french green	#3B7861
fuscous	#5B504F
fuscous-black	#5B504F
garnet brown	#841B2D
gendarme blue	#436B95
gentian blue	#545AA7
geranium pink	#E4717A
glass green	#C9DC89
glaucous	#DADFB7
glaucous-blue	#66AABC
glaucous-gray	#B4BCC0
glaucous-green	#8DA399
gnaphalium green	#C7E6D7
grass green	#8A9A5B
grayish blue-green	#5E716A
grayish blue-violet 	#545AA7
grayish blue-violet  	#8791BF
grayish lavender	#AA98A9
grayish olive	#8C8767
grayish violaceous blue	#8791BF
grayish violet-blue	#8C82B6
green-blue slate	#536878
greenish glaucous	#C7E6D7
greenish glaucous-blue	#66ADA4
greenish slate-black	#3A4B47
greenish yellow	#BEB72E
green-yellow	#E9E450
grenadine	#D9603B
grenadine pink	#F88379
grenadine red  	#E25822
guinea green	#007A74
gull gray	#848482
haematite red	#674C47
haematoxylin violet	#86608E
hair brown	#5B504F
hathi gray	#B2BEB5
hay's blue	#545AA7
hay's brown	#674C47
hay's green	#679267
hay's lilac	#B695C0
hay's maroon	#543D3F
hay's russet	#79443B
hazel	#80461B
heliotrope gray	#AA98A9
heliotrope slate	#796878
hellebore red	#A8516E
helvetia blue	#545AA7
hermosa pink	#EA9399
hessian brown	#674C47
honey yellow	#C9AE5D
hortense blue	#436B95
hortense violet	#D399E6
hyacinth blue	#272458
hyacinth violet	#602F6B
hydrangea pink	#F4C2C2
hydrangea red	#905D5D
hyssop violet	#86608E
indian lake	#A8516E
indian purple	#50404D
indian red	#905D5D
indigo blue	#00304E
indulin blue	#4C516D
invisible green	#3A4B47
iron gray	#57554C
isabella color	#A18F60
italian blue	#007791
ivory yellow	#F3E5AB
ivy green	#665D1E
jade green	#4A5D23
japan rose	#D9A6A9
jasper green	#3B7861
jasper pink	#E4717A
jasper red	#AB4E52
javel green	#B9B459
jay blue  	#436B95
jouvence blue	#317873
kaiser brown	#80461B
kildare green	#8A9A5B
killarney green  	#679267
king's blue	#70A3CC
kronberg's green	#867E36
laelia pink	#B784A7
la france pink	#FFB5BA
lavender	#DCD0FF
lavender-blue	#6C79B8
lavender-gray	#C0C8E1
lavender-violet	#7E73B8
leaf green	#515744
leitch's blue	#0067A5
lemon chrome	#D4AF37
lemon yellow	#E9E450
lettuce green	#8A9A5B
lichen green	#C7E6D7
light alice blue	#70A3CC
light amparo blue	#4997D0
light amparo purple	#D399E6
light bice green	#8A9A5B
light blue-green	#3EB489
light blue-violet	#30267A
light bluish violet	#6C79B8
light brownish drab	#958070
light brownish olive	#967117
light brownish vinaceous	#C4AEAD
light buff	#FAD6A5
light cadet blue	#4997D0
light cadmium	#F3C300
light campanula blue	#6C79B8
light celandine green	#B2BEB5
light cendre green	#83D37D
light cerulean blue	#70A3CC
light chalcedony yellow	#EAE679
light chicory blue	#8C82B6
light cinnamon-drab	#977F73
light columbia blue	#70A3CC
light congo pink	#F4C2C2
light coral red	#CB6D51
light corinthian red	#C08081
light cress green	#8A9A5B
light danube green	#3B7861
light drab	#AE9B82
light dull bluish violet	#8C82B6
light dull glaucous-blue	#66AABC
light dull green-yellow	#C9DC89
light elm green	#8A9A5B
light fluorite green	#C9DC89
light forget-me-not blue  	#70A3CC
light glaucous-blue	#9CD1DC
light grape green	#8A9A5B
light grayish blue-violet	#70A3CC
light grayish olive	#8C8767
light grayish vinaceous	#C7ADA3
light grayish violet-blue	#6C79B8
light greenish yellow	#E9E450
light green-yellow	#EAE679
light gull gray	#B9B8B5
light heliotrope gray	#AA98A9
light hellebore green	#8A9A5B
light hortense violet	#D399E6
light hyssop violet	#8C82B6
light jasper red	#E4717A
light king's blue	#BCD4E6
light lavender-blue	#8791BF
light lavender-violet	#8C82B6
light lobelia violet	#B695C0
light lumiere green	#C9DC89
light mallow purple	#DE6FA1
light mauve	#8C82B6
light medici blue	#536878
light methyl blue 	#4997D0
light mineral gray 	#B2BEB5
light mouse gray 	#8E8279
light neropalin blue	#91A3B0
light neutral gray	#848482
light niagara green	#66ADA4
light ochraceous-buff	#E3A857
light ochraceous-salmon	#FAD6A5
light olive-gray	#BFB8A5
light orange-yellow	#E3A857
light oriental green	#93C592
light paris green	#93C592
light payne's gray	#91A3B0
light perilla purple	#915C83
light phlox purple	#DE6FA1
light pinkish cinnamon	#F4C2C2
light pinkish lilac	#EFBBCC
light plumbago gray	#8B8589
light porcelain green	#66ADA4
light purple-drab	#796878
light purplish gray	#8B8589
light purplish vinaceous	#DEA5A4
light quaker drab 	#8B8589
light rosolane purple	#DE6FA1
light russet-vinaceous	#A87C6D
light salmon-orange	#D99058
light seal brown	#5C504F
light sky blue	#91A3B0
light soft blue-violet	#6C79B8
light squill blue	#70A3CC
light sulphate green	#66ADA4
light terre verte	#317873
light turtle green	#C9DC89
light tyrian blue	#536878
light varley's gray	#AA98A9
light vinaceous-cinnamon	#FAD6A5
light vinaceous-drab	#905D5D
light vinaceous-fawn	#C7ADA3
light vinaceous-gray	#AA98A9
light vinaceous-lilac	#B784A7
light vinaceous-purple	#836479
light violet	#6C79B8
light violet-blue	#545AA7
light violet-gray	#8B8589
light violet-plumbeous  	#91A3B0
light viridine green	#C9DC89
light viridine yellow	#EAE679
light windsor blue	#8791BF
light wistaria blue  	#8791BF
light wistaria violet	#8C82B6
light yellow-green	#BDDA57
light yellowish olive	#98943E
lilac	#B695C0
lilac gray	#BFB9BD
lily green	#7D8984
lime green	#B9B459
lincoln green	#515744
liseran purple	#9E4F88
litho purple	#875692
liver brown	#79443B
livid brown	#905D5D
livid pink	#F9CCCA
livid purple	#915C83
livid violet	#86608E
lobelia violet	#B695C0
lumiere blue	#66ADA4
lumiere green	#C9DC89
lyons blue	#0067A5
madder blue	#9690AB
madder brown	#905D5D
madder violet	#563C5C
magenta	#9E4F88
mahogany red	#79443B
maize yellow	#F8DE7E
malachite green	#93C592
mallow pink	#E68FAC
mallow purple	#870074
manganese violet	#875692
marguerite yellow	#F3E5AB
marine blue	#436B95
maroon	#3E1D1E
mars brown	#6F4E37
mars orange	#CB6D51
mars violet	#50404D
mars yellow	#C98500
martius yellow	#EAE679
massicot yellow	#F8DE7E
mathew's blue	#0067A5
mathew's purple	#875692
mauve	#7E73B8
mauvette	#EFBBCC
mazarine blue	#4997D0
meadow green	#679267
medal bronze	#6C541E
medici blue	#81878B
methyl blue 	#00A1C2
methyl green 	#007A74
microcline green 	#96DED1
mignonette green 	#867E36
mikado brown 	#A67B5B
mikado orange 	#ED872D
mineral gray 	#8F9779
mineral green 	#7E9F2E
mineral red 	#905D5D
montpellier green 	#6AAB8E
morocco red 	#79443B
motmot blue 	#367588
motmot green 	#44944A
mouse gray 	#8E8279
mulberry purple 	#602F6B
mummy brown 	#4B3621
munich lake 	#BE0032
mustard yellow 	#D4AF37
myrtle green 	#004B49
mytho green 	#8A9A5B
naphthalene violet 	#5D3954
naphthalene yellow 	#EAE679
naples yellow 	#F8DE7E
natal brown	#635147
navy blue	#4E5180
neropalin blue	#70A3CC
neutral gray	#848482
neutral red	#673147
neuvider green	#93C592
neva green	#BDDA57
niagara green	#8DA399
nickel green	#3B7861
night green	#8DB600
nigrosin blue	#4C516D
nigrosin violet 	#563C5C
nile blue	#66ADA4
nopal red	#BC3F4A
ocher red	#905D5D
ochraceous-buff	#F4C2C2
ochraceous-orange	#EAA221
ochraceous-salmon	#D99058
ochraceous-tawny	#BE8A3D
oil green	#8A9A5B
old burgundy	#2E1D21
old gold	#AB9144
old rose	#AB4E52
olive	#665D1E
olive-brown 	#7E6D5A
olive-buff	#F3E5AB
olive-citrine	#665D1E
olive-gray  	#8C8767
olive green	#665D1E
olive lake	#A18F60
olive-ocher	#C9AE5D
olive-yellow  	#B9B459
olivine	#93C592
olympic blue	#0067A5
onion-skin pink	#D9A6A9
ontario violet	#8C82B6
opaline green	#C9DC89
orange	#ED872D
orange-buff  	#E3A857
orange chrome	#F38400
orange-cinnamon	#D99058
orange-citrine	#967117
orange-pink	#FD943F
orange-rufous  	#BE6516
orange-vinaceous 	#E4717A
oriental green	#679267
orient blue	#436B95
orient pink	#F88379
oural green	#B6E5AF
ox-blood red  	#841B2D
oxide blue	#0067A5
pale amaranth pink	#E68FAC
pale amparo blue	#BCD4E6
pale amparo purple	#B695C0
pale aniline lilac	#A1CAF1
pale blue	#9CD1DC
pale blue-green	#C7E6D7
pale blue-violet	#6C79B8
pale bluish lavender  	#C4C3DD
pale bluish violet	#6C79B8
pale brownish drab	#C1B6B3
pale brownish vinaceous	#EAD8D7
pale cadet blue	#70A3CC
pale campanula blue	#B3BCE2
pale cendre green	#C9DC89
pale cerulean blue	#A1CAF1
pale chalcedony yellow	#EBE8A4
pale cinnamon-pink	#F4C2C2
pale congo pink	#F4C2C2
pale drab-gray	#F2F3F4
pale dull glaucous-blue	#BCD4E6
pale dull green-yellow	#C9DC89
pale ecru-drab	#C1B6B3
pale flesh color	#F4C2C2
pale fluorite green	#C7E6D7
pale glass green	#C9DC89
pale glaucous-blue	#9CD1DC
pale glaucous-green  	#C7E6D7
pale grayish blue	#BCD4E6
pale grayish blue-violet	#C0C8E1
pale grayish vinaceous	#C1B6B3
pale grayish violet-blue	#8791BF
pale green-blue gray	#91A3B0
pale greenish yellow	#EAE679
pale green-yellow	#EAE679
pale gull gray	#B9B8B5
pale hortense violet	#D5BADB
pale king's blue	#C4C3DD
pale laelia pink  	#EFBBCC
pale lavender-violet	#B695C0
pale lemon yellow	#E9E450
pale lilac	#E8CCD7
pale lobelia violet	#D6CADD
pale lumiere green	#C9DC89
pale mauve	#D6CADD
pale mazarine blue	#BCD4E6
pale medici blue	#91A3B0
pale methyl blue 	#70A3CC
pale mouse gray 	#8E8279
pale neropalin blue	#BCD4E6
pale neutral gray	#848482
pale niagara green	#C7E6D7
pale nile blue	#96DED1
pale ochraceous-buff	#F4C2C2
pale ochraceous-salmon	#FAD6A5
pale olive-buff	#F3E5AB
pale olive-gray	#F0EAD6
pale olivine	#C7E6D7
pale orange-yellow	#FBC97F
pale payne's gray	#91A3B0
pale persian lilac	#D597AE
pale pinkish buff	#FAD6A5
pale pinkish cinnamon	#FAD6A5
pale purple-drab	#C3A6B1
pale purplish gray	#8B8589
pale purplish vinaceous	#F9CCCA
pale quaker drab	#BFB9BD
pale rhodonite pink	#EFBBCC
pale rose-purple  	#B695C0
pale rosolane purple	#DE6FA1
pale russian blue	#BCD4E6
pale salmon color	#FAD6A5
pale smoke gray	#BFB8A5
pale soft blue-violet	#8791BF
pale sulphate green	#66ADA4
pale tiber green	#C9DC89
pale turquoise green	#96DED1
pale turtle green	#C9DC89
pale varley's gray 	#9690AB
pale verbena violet	#DCD0FF
pale veronese green	#C9DC89
pale vinaceous	#DEA5A4
pale vinaceous-drab	#C4AEAD
pale vinaceous-fawn	#C1B6B3
pale vinaceous-lilac	#EFBBCC
pale vinaceous-pink	#ECD5C5
pale violet	#8791BF
pale violet-blue	#4997D0
pale violet-gray	#8B8589
pale violet-plumbeous  	#91A3B0
pale viridine yellow	#EAE679
pale windsor blue	#70A3CC
pale wistaria blue	#DCD0FF
pale wistaria violet	#8C82B6
pale yellow-green	#C9DC89
pale yellow-orange	#F4C2C2
pallid blue-violet	#B3BCE2
pallid bluish violet	#B3BCE2
pallid brownish drab	#C1B6B3
pallid grayish violet-blue	#8791BF
pallid methyl blue 	#A1CAF1
pallid mouse gray 	#C1B6B3
pallid neutral gray	#B9B8B5
pallid purple-drab	#BFB9BD
pallid purplish gray  	#BFB9BD
pallid quaker drab	#BFB9BD
pallid soft blue-violet 	#B3BCE2
pallid vinaceous-drab	#BFB9BD
pallid violet	#B3BCE2
pallid violet-blue	#B3BCE2
pansy purple	#673147
pansy violet	#875692
paris blue	#0067A5
paris green	#93C592
parrot green	#8A9A5B
parula blue	#91A3B0
patent blue	#004958
payne's gray	#536878
peach red	#CB6D51
peacock blue	#007791
peacock green	#8A9A5B
pea green	#7D8984
pearl blue	#C0C8E1
pearl gray	#B9B8B5
pecan brown	#A67B5B
perilla purple	#673147
persian blue	#BCD4E6
persian lilac	#C17E91
petunia violet	#602F6B
phenyl blue	#30267A
phlox pink	#B695C0
phlox purple	#9E4F88
picric yellow	#E9E450
pinard yellow	#FADA5E
pinkish buff	#F4C2C2
pinkish cinnamon	#E3A857
pinkish vinaceous	#D9A6A9
pistachio green	#679267
pleroma violet	#7E73B8
plumbago blue	#9690AB
plumbago gray	#8B8589
plumbeous	#91A3B0
plumbeous black  	#36454F
plum purple	#2F2140
pois green	#8F9779
pompeian red	#AB4E52
porcelain blue	#66AABC
porcelain green	#317873
primrose yellow	#EAE679
primuline yellow	#D4AF37
prout's brown	#6F4E37
prune purple	#563C5C
prussian blue	#0067A5
prussian green	#004B49
prussian red	#905D5D
puritan gray	#81878B
purple	#870074
purple-drab	#796878
purplish gray	#796878
purplish lilac	#B784A7
purplish vinaceous	#AD8884
pyrite yellow	#98943E
quaker drab	#8B8589
rainette green	#8A9A5B
raisin black	#50404D
raisin purple	#5D3954
ramier blue	#9690AB
raw sienna	#BE8A3D
reed yellow	#B9B459
rejane green	#93C592
rhodamine purple	#CE4676
rhodonite pink	#C17E91
rinnemann's green	#8A9A5B
rivage green	#C9DC89
rocellin purple	#DE6FA1
roman green	#665D1E
rood's blue	#00A1C2
rood's brown	#977F73
rood's lavender	#AA98A9
rood's violet	#702963
rose color	#DE6FA1
rose doree  	#E66761
rose pink	#EFBBCC
rose-purple 	#D399E6
rose red	#BE0032
roslyn blue	#272458
rosolane pink	#FFC8D6
rosolane purple	#B3446C
royal purple	#604E81
rufous	#CB6D51
russet	#6F4E37
russet-vinaceous	#905D5D
russian blue	#BCD4E6
russian green	#5E716A
saccardo's olive	#967117
saccardo's slate	#51585E
saccardo's umber	#7E6D5A
saccardo's violet	#875692
safrano pink	#F88379
sage green	#8DA399
sailor blue	#545AA7
salmon-buff  	#E3A857
salmon color	#D9A6A9
salmon-orange	#ED872D
salvia blue	#30267A
sanford's brown	#AE6938
sanford's brown	#80461B
sayal brown	#996515
scarlet	#D9603B
scarlet-red 	#BE0032
scheele's green	#7E9F2E
schoenfeld's purple	#78184A
sea-foam green  	#EBE8A4
sea-foam yellow  	#EAE679
sea green	#317873
seal brown	#5C504F
seashell pink	#ECD5C5
sepia	#483C32
serpentine green	#867E36
shamrock green	#679267
shell pink	#ECD5C5
shrimp pink	#F4C2C2
skobeloff green	#007A74
sky blue	#70A3CC
sky gray	#BCD4E6
slate-black	#222222
slate-blue 	#4C516D
slate color	#555555
slate-gray	#555555
slate-olive	#7D8984
slate-purple	#796878
slate-violet   	#50404D
slate-violet   	#796878
smalt blue	#30267A
smoke gray	#C2B280
snuff brown	#826644
soft blue-violet	#7E73B8
soft bluish violet	#604E97
sooty black	#555555
sorghum brown	#674C47
sorrento green	#317873
spectrum blue	#00A1C2
spectrum red	#BE0032
spectrum violet	#604E97
spinach green	#8A9A5B
spinel pink	#B3446C
spinel red	#B3446C
squill blue	#70A3CC
stone green	#679267
storm gray	#7D8984
strawberry pink	#CB6D51
straw yellow	#F8DE7E
strontian yellow  	#BEB72E
sudan brown	#80461B
sulphate green	#66ADA4
sulphine yellow	#AB9144
sulphur yellow	#EAE679
taupe brown	#50404D
tawny	#AE6938
tawny-olive	#826644
tea green	#8F9779
terra cotta	#B4745E
terre verte	#5E716A
testaceous	#B4745E
thulite pink	#E68FAC
tiber green	#93C592
tilleul-buff	#ECD5C5
tourmaline pink	#9E4F88
turquoise green	#66ADA4
turtle green	#8A9A5B
tyrian blue	#536878
tyrian pink	#9E4F88
tyrian rose	#CE4676
tyrolite green	#66ADA4
ultramarine ash	#0067A5
ultramarine blue	#00A1C2
urania blue	#2F2140
vanderpoel's blue	#0067A5
vanderpoel's green	#BDDA57
vanderpoel's violet	#8C82B6
vandyke brown	#6F4E37
vandyke red	#905D5D
variscite green	#8ED1B2
varley's gray	#796878
varley's green	#355E3B
venetian blue	#0067A5
venetian pink	#F88379
venice green	#00A693
verbena violet	#9690AB
verdigris green	#6AAB8E
vernonia purple	#915F6D
verona brown	#6F4E37
veronese green	#C9DC89
vetiver green	#8A9A5B
victoria lake	#722F37
vinaceous	#EA9399
vinaceous-brown	#905D5D
vinaceous-buff	#F4C2C2
vinaceous-cinnamon	#D9A6A9
vinaceous-drab	#905D5D
vinaceous-fawn	#D9A6A9
vinaceous-gray	#AA98A9
vinaceous-lavender	#DEA5A4
vinaceous-lilac	#C17E91
vinaceous-pink	#B4745E
vinaceous-purple   	#A8516E
vinaceous-purple   	#836479
vinaceous-rufous	#9E4732
vinaceous-russet	#A87C6D
vinaceous-slate	#796878
vinaceous-tawny	#B4745E
violet carmine  	#673147
violet-gray	#8B8589
violet-plumbeous	#8C92AC
violet-purple  	#9A4EAE
violet-slate	#536878
violet ultramarine	#545AA7
viridian green	#3EB489
viridine green	#BDDA57
viridine yellow	#BEB72E
vivid green	#3EB489
wall green	#317873
walnut brown	#79443B
warbler green	#867E36
warm blackish brown  	#543D3F
warm buff  	#E3A857
warm sepia  	#635147
water green	#DADFB7
wax yellow	#D4AF37
wedgewood blue	#A1CAF1
white	#F2F3F4
windsor blue	#4E5180
winter green	#679267
wistaria blue	#6C79B8
wistaria violet	#7E73B8
wood brown	#C19A6B
xanthine orange	#BE6516
yale blue	#70A3CC
yellow green	#BDDA57
yellowish citrine	#98943E
yellowish glaucous	#DADFB7
yellowish oil green	#867E36
yellowish olive	#867E36
yellow ochre	#BE8A3D
yew green	#4A5D23
yvette violet	#554C69
zinc green	#3B7861
zinc orange	#ED872D
